Type,Value,Percentage
Coal,109.0955663,37.5%
Iron,87.85172,30.2%
Petrol Gas,67.32848719,23.1%
Other,8.269779301,2.8%
Crude Petrol,7.544029973,2.6%
Cu,4.891243213,1.7%
Zinc,2.212831044,0.8%
Metal,1.562934727,0.5%
Mg,1.388132554,0.5%
Al,0.864988377,0.3%