Type,Value
Coal,109.0955663
Iron,87.85172
Petrol Gas,67.32848719
Other,8.269779301
Crude Petrol,7.544029973
Cu,4.891243213
Zinc,2.212831044
Metal,1.562934727
Mg,1.388132554
Al,0.864988377