Type,Value
Coal Briquettes,109.0955663
Iron Ore,87.85172
Petroleum Gas,67.32848719
Other Mineral,8.269779301
Crude Petroleum,7.544029973
Copper Ore,4.891243213
Zinc Ore,2.212831044
Precious Metal Ore,1.562934727
Manganese Ore,1.388132554
Aluminium Ore,0.864988377